<?xml version="1.0" ?>

<container xmlns="http://symfony.com/schema/dic/services"
    xmlns:xsi="http://www.w3.org/2001/XMLSchema-instance"
    xsi:schemaLocation="http://symfony.com/schema/dic/services https://symfony.com/schema/dic/services/services-1.0.xsd">

    <services>
        <defaults public="false" />

        <service id="mime_types" class="Symfony\Component\Mime\MimeTypes">
            <call method="setDefault">
                <argument type="service" id="mime_types" />
            </call>
        </service>
        <service id="Symfony\Component\Mime\MimeTypesInterface" alias="mime_types" />
        <service id="Symfony\Component\Mime\MimeTypeGuesserInterface" alias="mime_types" />
    </services>
</container>
