<?xml version="1.0" encoding="UTF-8" ?>
<container xmlns="http://symfony.com/schema/dic/services"
           xmlns:xsi="http://www.w3.org/2001/XMLSchema-instance"
           xsi:schemaLocation="http://symfony.com/schema/dic/services http://symfony.com/schema/dic/services/services-1.0.xsd">

    <services>

        <service id="liip_imagine.command.cache_remove" class="Liip\ImagineBundle\Command\RemoveCacheCommand">
            <argument type="service" id="liip_imagine.cache.manager" />
            <argument type="service" id="liip_imagine.filter.manager" />
            <argument type="service" id="liip_imagine.service.filter" />
            <tag name="console.command" command="liip:imagine:cache:remove" alias="imagine:del" />
        </service>

        <service id="liip_imagine.command.cache_resolve" class="Liip\ImagineBundle\Command\ResolveCacheCommand">
            <argument type="service" id="liip_imagine.cache.manager" />
            <argument type="service" id="liip_imagine.filter.manager" />
            <argument type="service" id="liip_imagine.service.filter" />
            <tag name="console.command" command="liip:imagine:cache:resolve" alias="imagine:get" />
        </service>

    </services>
</container>
