{
    "Names": {
        "BMD": [
            "BMD",
            "Bermudian Dollar"
        ],
        "BYB": [
            "BYB",
            "Belarusian New Rouble (1994–1999)"
        ],
        "BYN": [
            "BYN",
            "Belarusian Rouble"
        ],
        "BYR": [
            "BYR",
            "Belarusian Rouble (2000–2016)"
        ],
        "CAD": [
            "$",
            "Canadian Dollar"
        ],
        "JPY": [
            "JP¥",
            "Japanese Yen"
        ],
        "LVR": [
            "LVR",
            "Latvian Rouble"
        ],
        "RUB": [
            "RUB",
            "Russian Rouble"
        ],
        "RUR": [
            "RUR",
            "Russian Rouble (1991–1998)"
        ],
        "SHP": [
            "SHP",
            "St Helena Pound"
        ],
        "STN": [
            "STN",
            "São Tomé and Príncipe Dobra"
        ],
        "TJR": [
            "TJR",
            "Tajikistani Rouble"
        ],
        "TTD": [
            "TTD",
            "Trinidad and Tobago Dollar"
        ],
        "USD": [
            "US$",
            "U.S. Dollar"
        ]
    }
}
