{
    "Names": {
        "AED": [
            "AED",
            "Dirham Emiraati Araab Dentuɗi"
        ],
        "AOA": [
            "AOA",
            "Kwansaa Anngolaa"
        ],
        "AUD": [
            "A$",
            "Dolaar Ostaraalii"
        ],
        "BHD": [
            "BHD",
            "Dinaar Bahrayn"
        ],
        "BIF": [
            "BIF",
            "Mbuuɗu Burunndi"
        ],
        "BWP": [
            "BWP",
            "Pulaa Botwanaa"
        ],
        "CAD": [
            "CA$",
            "Dolaar Kandaaa"
        ],
        "CDF": [
            "CDF",
            "Faraa Konngo"
        ],
        "CHF": [
            "CHF",
            "Faraa Suwiis"
        ],
        "CNY": [
            "CN¥",
            "Yuam Siin"
        ],
        "CVE": [
            "CVE",
            "Eskudoo Kap Weer"
        ],
        "DJF": [
            "DJF",
            "Faraa Jibutii"
        ],
        "DZD": [
            "DZD",
            "Dinaar Alaseri"
        ],
        "EGP": [
            "EGP",
            "Liibar Ejipt"
        ],
        "ERN": [
            "ERN",
            "Nafka Eriteree"
        ],
        "ETB": [
            "ETB",
            "Biir Ecoppi"
        ],
        "EUR": [
            "€",
            "Oroo"
        ],
        "GBP": [
            "£",
            "Liibar Sterling"
        ],
        "GHC": [
            "GHC",
            "Sedi Ganaa"
        ],
        "GMD": [
            "GMD",
            "Dalasi Gammbi"
        ],
        "GNS": [
            "GNS",
            "Faraa Gine"
        ],
        "INR": [
            "₹",
            "Rupii Enndo"
        ],
        "JPY": [
            "JP¥",
            "Yen Sapoo"
        ],
        "KES": [
            "KES",
            "Siling Keñaa"
        ],
        "KMF": [
            "KMF",
            "Faraa Komoor"
        ],
        "LRD": [
            "LRD",
            "Dolaar Liberiyaa"
        ],
        "LSL": [
            "LSL",
            "Loti Lesotoo"
        ],
        "LYD": [
            "LYD",
            "Dinaar Libi"
        ],
        "MAD": [
            "MAD",
            "Diraham Maruk"
        ],
        "MGA": [
            "MGA",
            "Ariyari Madagaskaar"
        ],
        "MRO": [
            "MRO",
            "Ugiyya Muritani (1973–2017)"
        ],
        "MRU": [
            "MRU",
            "Ugiyya Muritani"
        ],
        "MUR": [
            "MUR",
            "Rupii Moriis"
        ],
        "MWK": [
            "MWK",
            "Kuwacca Malaawi"
        ],
        "MZM": [
            "MZM",
            "Metikal Mosammbik"
        ],
        "NAD": [
            "NAD",
            "Dolaar Namibii"
        ],
        "NGN": [
            "NGN",
            "Nayraa Nijeriyaa"
        ],
        "RWF": [
            "RWF",
            "Faraa Ruwanndaa"
        ],
        "SAR": [
            "SAR",
            "Riyaal Arabi Sawdit"
        ],
        "SCR": [
            "SCR",
            "Rupii Seysel"
        ],
        "SDG": [
            "SDG",
            "Liibar Sudaan"
        ],
        "SHP": [
            "SHP",
            "Liibar Sent Helen"
        ],
        "SLL": [
            "SLL",
            "Lewoon Seraa Liyon"
        ],
        "SOS": [
            "SOS",
            "Siling Soomali"
        ],
        "STD": [
            "STD",
            "Dobra Sawo Tome e Prensipe (1977–2017)"
        ],
        "STN": [
            "STN",
            "Dobra Sawo Tome e Prensipe"
        ],
        "SZL": [
            "SZL",
            "Lilangeni Swaasilannda"
        ],
        "TND": [
            "TND",
            "Dinaar Tunisii"
        ],
        "TZS": [
            "TZS",
            "Siling Tansanii"
        ],
        "UGX": [
            "UGX",
            "Siling Uganndaa"
        ],
        "USD": [
            "US$",
            "Dolaar Dowlaaji Dentuɗi"
        ],
        "XAF": [
            "FCFA",
            "Mbuuɗi Seefaa BEAC"
        ],
        "XOF": [
            "F CFA",
            "Mbuuɗu Seefaa BCEAO"
        ],
        "ZAR": [
            "ZAR",
            "Rannda Afrik Bŋ Worgo"
        ],
        "ZMK": [
            "ZMK",
            "Kuwacca Sammbi (1968–2012)"
        ],
        "ZMW": [
            "ZMW",
            "Kuwacca Sammbi"
        ],
        "ZWD": [
            "ZWD",
            "Dolaar Simbaabuwe"
        ]
    }
}
