{
    "Names": {
        "AED": [
            "AED",
            "𞤁𞤭𞤪𞤸𞤢𞤥𞤵 𞤋𞤥𞤢𞥄𞤪𞤢𞤼𞤭𞤲𞤳𞤮"
        ],
        "AFN": [
            "AFN",
            "𞤀𞤬𞤿𞤢𞤲𞤭 𞤀𞤬𞤿𞤢𞤲𞤭𞤴𞤢𞤲𞤳𞤮"
        ],
        "ALL": [
            "ALL",
            "𞤂𞤫𞤳 𞤀𞤤𞤦𞤢𞤲𞤭𞤴𞤢𞤲𞤳𞤮"
        ],
        "AMD": [
            "AMD",
            "𞤁𞤢𞤪𞤢𞤥𞤵 𞤀𞤪𞤥𞤢𞤲𞤭𞤴𞤢𞤲𞤳𞤮"
        ],
        "ANG": [
            "ANG",
            "𞤊𞤵𞤤𞤮𞤪𞤭𞤲 𞤀𞤲𞤼𞤭𞤴𞤢𞤲𞤳𞤮"
        ],
        "AOA": [
            "AOA",
            "𞤑𞤵𞤱𞤢𞤲𞥁𞤢 𞤀𞤲𞤺𞤮𞤤𞤢𞤲𞤳𞤮"
        ],
        "ARS": [
            "ARS",
            "𞤆𞤫𞤧𞤮 𞤀𞤪𞤶𞤢𞤲𞤼𞤭𞤲𞤢"
        ],
        "AUD": [
            "A$",
            "𞤁𞤢𞤤𞤢 𞤌𞤧𞤼𞤢𞤪𞤤𞤭𞤴𞤢𞤲𞤳𞤮"
        ],
        "AWG": [
            "AWG",
            "𞤊𞤵𞤤𞤮𞤪𞤭𞤲 𞤀𞤪𞤵𞤦𞤢𞤲𞤳𞤮"
        ],
        "AZN": [
            "AZN",
            "𞤃𞤢𞤲𞤢𞥄𞤼𞤵 𞤀𞥁𞤫𞤪𞤦𞤢𞤴𞤶𞤢𞤲𞤳𞤮"
        ],
        "BAM": [
            "BAM",
            "𞤃𞤢𞤪𞤳 𞤄𞤮𞤧𞤲𞤭𞤴𞤢-𞤖𞤫𞤪𞤶𞤫𞤺𞤮𞤾𞤭𞤲𞤳𞤮 𞤱𞤢𞤴𞤤𞤮𞤼𞤮𞥅𞤯𞤭"
        ],
        "BBD": [
            "BBD",
            "𞤁𞤢𞤤𞤢 𞤄𞤢𞤪𞤦𞤢𞤣𞤭𞤴𞤢𞤲𞤳𞤮"
        ],
        "BDT": [
            "BDT",
            "𞤚𞤢𞤪𞤢 𞤄𞤢𞤲𞤺𞤭𞤤𞤢𞤣𞤫𞥅𞤧𞤭𞤲𞤳𞤮"
        ],
        "BGN": [
            "BGN",
            "𞤂𞤫𞥅𞤾 𞤄𞤭𞤤𞤺𞤢𞤪𞤭𞤲𞤳𞤮"
        ],
        "BHD": [
            "BHD",
            "𞤁𞤭𞤲𞤢𞥄𞤪 𞤄𞤢𞤸𞤢𞤪𞤢𞥄𞤲𞤭𞤴𞤢𞤲𞤳𞤮"
        ],
        "BIF": [
            "BIF",
            "𞤊𞤢𞤪𞤢𞤲 𞤄𞤵𞤪𞤵𞤲𞤣𞤭𞤲𞤳𞤮"
        ],
        "BMD": [
            "BMD",
            "𞤁𞤢𞤤𞤢 𞤄𞤫𞤪𞤥𞤵𞤣𞤢𞥄𞤲"
        ],
        "BND": [
            "BND",
            "𞤁𞤢𞤤𞤢 𞤄𞤵𞤪𞤲𞤫𞤴𞤢𞤲𞤳𞤮"
        ],
        "BOB": [
            "BOB",
            "𞤄𞤮𞤤𞤭𞤾𞤭𞤴𞤢𞤲𞤮 𞤄𞤮𞤤𞤭𞤾𞤭𞤴𞤢𞤲𞤳𞤮"
        ],
        "BRL": [
            "R$",
            "𞤈𞤭𞤴𞤢𞤤 𞤄𞤪𞤢𞤧𞤭𞤤𞤴𞤢𞤲𞤳𞤮"
        ],
        "BSD": [
            "BSD",
            "𞤁𞤢𞤤𞤢 𞤄𞤢𞤸𞤢𞤥𞤭𞤴𞤢𞤲𞤳𞤮"
        ],
        "BTN": [
            "BTN",
            "𞤐𞤘𞤵𞤤𞤼𞤵𞤪𞤵𞤥𞤵 𞤄𞤵𞤼𞤢𞤲𞤭𞤲𞤳𞤮"
        ],
        "BWP": [
            "BWP",
            "𞤆𞤵𞤤𞤢 𞤄𞤮𞤼𞤵𞤧𞤱𞤢𞤲𞤢𞤲𞤳𞤮"
        ],
        "BYN": [
            "BYN",
            "𞤈𞤵𞥅𞤦𞤮𞤤 𞤄𞤫𞤤𞤢𞤪𞤭𞥅𞤧𞤭𞤴𞤢𞤲𞤳𞤮"
        ],
        "BZD": [
            "BZD",
            "𞤁𞤢𞤤𞤢 𞤄𞤫𞤤𞤭𞥅𞤧"
        ],
        "CAD": [
            "CA$",
            "𞤁𞤢𞤤𞤢 𞤑𞤢𞤲𞤢𞤣𞤭𞤴𞤢𞤲𞤳𞤮"
        ],
        "CDF": [
            "CDF",
            "𞤊𞤢𞤪𞤢𞤲 𞤑𞤮𞤲𞤺𞤮𞤲𞤳𞤮"
        ],
        "CHF": [
            "CHF",
            "𞤊𞤢𞤪𞤢𞤲 𞤅𞤵𞤱𞤭𞥅𞤧"
        ],
        "CLP": [
            "CLP",
            "𞤆𞤫𞤧𞤮 𞤕𞤭𞤤𞤭𞤴𞤢𞤲𞤳𞤮"
        ],
        "CNH": [
            "CNH",
            "𞤒𞤵𞤱𞤢𞤲 𞤕𞤢𞤴𞤲𞤭𞤲𞤳𞤮 (𞤺𞤢𞥄𞤲𞤭𞤲𞤳𞤮)"
        ],
        "CNY": [
            "CN¥",
            "𞤒𞤵𞤱𞤢𞥄𞤲 𞤕𞤢𞤴𞤲𞤭𞤲𞤳𞤮"
        ],
        "COP": [
            "COP",
            "𞤆𞤫𞤧𞤮 𞤑𞤮𞤤𞤮𞤥𞤦𞤭𞤴𞤢𞤲𞤳𞤮"
        ],
        "CRC": [
            "CRC",
            "𞤑𞤮𞤤𞤮𞥅𞤲 𞤑𞤮𞤧𞤼𞤢 𞤈𞤭𞤳𞤢𞤲"
        ],
        "CUC": [
            "CUC",
            "𞤆𞤫𞤧𞤮 𞤑𞤵𞤦𞤢𞤲𞤳𞤮 𞤏𞤢𞤴𞤤𞤮𞤼𞤮𞥅𞤲𞥋𞤺𞤮"
        ],
        "CUP": [
            "CUP",
            "𞤆𞤫𞤧𞤮 𞤑𞤵𞤦𞤢𞤲𞤳𞤮"
        ],
        "CVE": [
            "CVE",
            "𞤉𞤧𞤳𞤵𞤣𞤮 𞤑𞤢𞤨-𞤜𞤫𞥅𞤪𞤣𞤢𞤲𞤳𞤮"
        ],
        "CZK": [
            "CZK",
            "𞤑𞤮𞤪𞤵𞤲𞤢 𞤕𞤫𞥅𞤳𞤭𞤲𞤳𞤮"
        ],
        "DJF": [
            "DJF",
            "𞤊𞤢𞤪𞤢𞤲 𞤔𞤭𞤦𞤵𞤼𞤭𞤲𞤳𞤮"
        ],
        "DKK": [
            "DKK",
            "𞤑𞤮𞤪𞤲𞤫 𞤁𞤢𞤲𞤭𞥅𞤧𞤭𞤲𞤳𞤮"
        ],
        "DOP": [
            "DOP",
            "𞤆𞤫𞤧𞤮 𞤁𞤮𞤥𞤭𞤲𞤭𞤴𞤢𞤲𞤳𞤮"
        ],
        "DZD": [
            "DZD",
            "𞤁𞤭𞤲𞤢𞥄𞤪 𞤀𞤤𞤶𞤢𞤪𞤭𞤲𞤳𞤮"
        ],
        "EGP": [
            "EGP",
            "𞤆𞤢𞤱𞤲𞤣𞤵 𞤃𞤭𞤧𞤭𞤪𞤢𞤲𞤳𞤮"
        ],
        "ERN": [
            "ERN",
            "𞤐𞤢𞤳𞤬𞤢 𞤉𞤪𞤭𞤼𞤫𞤪𞤭𞤲𞤳𞤮"
        ],
        "ETB": [
            "ETB",
            "𞤄𞤭𞤪 𞤖𞤢𞤦𞤢𞤧𞤭𞤲𞤳𞤮"
        ],
        "EUR": [
            "€",
            "𞤒𞤵𞤪𞤮𞥅"
        ],
        "FJD": [
            "FJD",
            "𞤁𞤢𞤤𞤢 𞤊𞤭𞤶𞤭𞤴𞤢𞤲𞤳𞤮"
        ],
        "FKP": [
            "FKP",
            "𞤆𞤢𞤱𞤲𞤣𞤵 𞤅𞤵𞤪𞤭𞥅𞤶𞤫 𞤊𞤢𞤤𞤳𞤵𞤤𞤢𞤲𞤣𞤭𞤳𞤮"
        ],
        "GBP": [
            "£",
            "𞤆𞤢𞤱𞤲𞤣𞤵 𞤄𞤪𞤭𞤼𞤭𞥅𞤧𞤭𞤲𞤳𞤮"
        ],
        "GEL": [
            "GEL",
            "𞤂𞤢𞥄𞤪𞤭 𞤔𞤮𞤪𞤶𞤭𞤴𞤢𞤲𞤳𞤮"
        ],
        "GHS": [
            "GHS",
            "𞤅𞤭𞤣𞤭 𞤘𞤢𞤲𞤢𞤲𞤳𞤮"
        ],
        "GIP": [
            "GIP",
            "𞤆𞤢𞤱𞤲𞥋𞤣𞤵 𞤔𞤭𞤤𞤦𞤪𞤢𞤤𞤼𞤢𞤪"
        ],
        "GMD": [
            "GMD",
            "𞤁𞤢𞤤𞤢𞤧𞤭 𞤘𞤢𞤥𞤦𞤭𞤲𞤳𞤮"
        ],
        "GNF": [
            "FG",
            "𞤊𞤢𞤪𞤢𞤲 𞤘𞤭𞤲𞤫𞤲𞤳𞤮"
        ],
        "GTQ": [
            "GTQ",
            "𞤑𞤫𞤼𞤵𞥁𞤢𞤤 𞤘𞤵𞤱𞤢𞤼𞤫𞤥𞤢𞤤𞤢𞤲𞤳𞤮"
        ],
        "GYD": [
            "GYD",
            "𞤁𞤢𞤤𞤢 𞤘𞤵𞤴𞤢𞤲𞤫𞥅𞤧𞤭𞤲𞤳𞤮"
        ],
        "HKD": [
            "HK$",
            "𞤁𞤢𞤤𞤢 𞤖𞤮𞤲𞤳𞤮𞤲"
        ],
        "HNL": [
            "HNL",
            "𞤂𞤫𞤥𞤨𞤭𞤪𞤢 𞤖𞤮𞤲𞤣𞤵𞤪𞤢𞤲𞤳𞤮"
        ],
        "HRK": [
            "HRK",
            "𞤑𞤵𞤲𞤢 𞤑𞤵𞤪𞤢𞥄𞤧𞤭𞤴𞤢𞤲𞤳𞤮"
        ],
        "HTG": [
            "HTG",
            "𞤘𞤵𞥅𞤪𞤣𞤫 𞤖𞤢𞤴𞤼𞤭𞤴𞤢𞤲𞤳𞤮"
        ],
        "HUF": [
            "HUF",
            "𞤊𞤮𞤪𞤭𞤲𞤼𞤵 𞤖𞤵𞤲𞤺𞤢𞤪𞤭𞤴𞤢𞤲𞤳𞤮"
        ],
        "IDR": [
            "IDR",
            "𞤈𞤵𞤨𞤭𞤴𞤢 𞤋𞤲𞤣𞤮𞤲𞤫𞤧𞤭𞤴𞤢𞤲𞤳𞤮"
        ],
        "ILS": [
            "₪",
            "𞤡𞤫𞤳𞤫𞤤 𞤋𞤧𞤪𞤢𞥄𞤤𞤭𞤴𞤢𞤲𞤳𞤮"
        ],
        "INR": [
            "₹",
            "𞤈𞤵𞥅𞤨𞤭𞥅 𞤖𞤭𞤲𞤣𞤭𞤧𞤼𞤢𞤲𞤳𞤮"
        ],
        "IQD": [
            "IQD",
            "𞤁𞤭𞤲𞤢𞥄𞤪 𞤋𞤪𞤢𞥄𞤳𞤭𞤴𞤢𞤲𞤳𞤮"
        ],
        "IRR": [
            "IRR",
            "𞤈𞤭𞤴𞤢𞥄𞤤 𞤋𞤪𞤢𞤲𞤭𞤴𞤢𞤲𞤳𞤮"
        ],
        "ISK": [
            "ISK",
            "𞤑𞤮𞤪𞤮𞤲𞤢 𞤀𞤴𞤧𞤭𞤤𞤢𞤲𞤣𞤭𞤲𞤳𞤮"
        ],
        "JMD": [
            "JMD",
            "𞤁𞤢𞤤𞤢 𞤔𞤢𞤥𞤢𞤴𞤭𞤲𞤳𞤮"
        ],
        "JOD": [
            "JOD",
            "𞤁𞤭𞤲𞤢𞥄𞤪 𞤔𞤮𞤪𞤣𞤢𞤲𞤭𞤴𞤢𞤲𞤳𞤮"
        ],
        "JPY": [
            "JP¥",
            "𞤒𞤫𞤲 𞤔𞤢𞤨𞤢𞤲𞤳𞤮"
        ],
        "KES": [
            "KES",
            "𞤅𞤭𞤤𞤭𞤲 𞤑𞤫𞤲𞤭𞤴𞤢𞤲𞤳𞤮"
        ],
        "KGS": [
            "KGS",
            "𞤅𞤮𞤥𞤵 𞤑𞤭𞤪𞤺𞤭𞤧𞤼𞤢𞤲𞤭𞤲𞤳𞤮"
        ],
        "KHR": [
            "KHR",
            "𞤈𞤭𞤴𞤢𞤤 𞤑𞤢𞤥𞤦𞤮𞤣𞤭𞤴𞤢𞤲𞤳𞤮"
        ],
        "KMF": [
            "KMF",
            "𞤊𞤢𞤪𞤢𞤲 𞤑𞤮𞤥𞤮𞤪𞤭𞤲𞤳𞤮"
        ],
        "KPW": [
            "KPW",
            "𞤏𞤮𞤲 𞤁𞤮𞤱𞤣𞤮𞤱𞤪𞤭 𞤑𞤮𞥅𞤪𞤫𞤴𞤢𞤲𞤳𞤮"
        ],
        "KRW": [
            "₩",
            "𞤱𞤮𞤲 𞤂𞤫𞤴𞤤𞤫𞤴𞤪𞤭 𞤑𞤮𞥅𞤪𞤫𞤴𞤢𞤲𞤳𞤮"
        ],
        "KWD": [
            "KWD",
            "𞤁𞤋𞤲𞤢𞥄𞤪 𞤑𞤵𞤱𞤢𞤴𞤼𞤭𞤴𞤢𞤲𞤳𞤮"
        ],
        "KYD": [
            "KYD",
            "𞤁𞤢𞤤𞤢 𞤅𞤵𞤪𞤭𞥅𞤶𞤫 𞤑𞤢𞤴𞤥𞤢𞥄𞤲"
        ],
        "KZT": [
            "KZT",
            "𞤚𞤫𞤲𞤺𞤫 𞤑𞤢𞥁𞤢𞤳𞤭𞤧𞤼𞤢𞤲𞤭𞤲𞤳𞤮"
        ],
        "LAK": [
            "LAK",
            "𞤑𞤭𞤨𞤵 𞤂𞤢𞤱𞤮𞥅𞤧𞤭𞤴𞤢𞤲𞤳𞤮"
        ],
        "LBP": [
            "LBP",
            "𞤆𞤢𞤱𞤲𞥋𞤣𞤵 𞤂𞤭𞤦𞤢𞤲𞤭𞤴𞤢𞤲𞤳𞤮"
        ],
        "LKR": [
            "LKR",
            "𞤈𞤵𞥅𞤨𞤭𞥅 𞤅𞤭𞤪𞤭-𞤂𞤢𞤲𞤳𞤢𞤲𞤭𞤴𞤢𞤲𞤳𞤮"
        ],
        "LRD": [
            "LRD",
            "𞤁𞤢𞤤𞤢 𞤂𞤭𞤦𞤫𞤪𞤭𞤴𞤢𞤲𞤳𞤮"
        ],
        "LYD": [
            "LYD",
            "𞤁𞤭𞤲𞤢𞥄𞤪 𞤂𞤭𞤦𞤭𞤴𞤢𞤲𞤳𞤮"
        ],
        "MAD": [
            "MAD",
            "𞤁𞤭𞤪𞤸𞤢𞤥𞤵 𞤃𞤮𞤪𞤮𞤳𞤢𞤲𞤳𞤮"
        ],
        "MDL": [
            "MDL",
            "𞤂𞤭𞥅𞤱𞤮 𞤃𞤮𞤤𞤣𞤮𞤾𞤢𞤲𞤳𞤮"
        ],
        "MGA": [
            "MGA",
            "𞤀𞤪𞤭𞤴𞤢𞤪𞤭 𞤃𞤢𞤤𞤺𞤢𞤲𞤭𞤲𞤳𞤮"
        ],
        "MKD": [
            "MKD",
            "𞤁𞤭𞤲𞤢𞥄𞤪 𞤃𞤢𞤧𞤫𞤣𞤮𞤲𞤭𞤲𞤳𞤮"
        ],
        "MMK": [
            "MMK",
            "𞤑𞤭𞤴𞤢𞤼𞤵 𞤃𞤭𞤴𞤢𞤥𞤢𞤪𞤭𞤲𞤳𞤮"
        ],
        "MNT": [
            "MNT",
            "𞤚𞤵𞤺𞤵𞤪𞤭𞤳𞤵 𞤃𞤮𞤲𞤺𞤮𞤤𞤭𞤴𞤢𞤲𞤳𞤮"
        ],
        "MOP": [
            "MOP",
            "𞤆𞤢𞤼𞤢𞤳𞤢 𞤃𞤢𞤳𞤢𞤱𞤮𞤴𞤢𞤲𞤳𞤮"
        ],
        "MRO": [
            "MRO",
            "𞤓𞤺𞤭𞤴𞤢 𞤃𞤮𞤪𞤭𞤼𞤢𞤲𞤭𞤴𞤢𞤲𞤳𞤮 (𞥑𞥙𞥗𞥓 - 𞥒𞥐𞥑𞥗)"
        ],
        "MRU": [
            "MRU",
            "𞤓𞤺𞤭𞤴𞤢 𞤃𞤮𞤪𞤭𞤼𞤢𞤲𞤭𞤴𞤢𞤲𞤳𞤮"
        ],
        "MUR": [
            "MUR",
            "𞤈𞤵𞤨𞤭𞥅 𞤃𞤮𞤪𞤭𞤧𞤭𞤴𞤢𞤲𞤳𞤮"
        ],
        "MVR": [
            "MVR",
            "𞤈𞤵𞤬𞤭𞤴𞤢𞥄 𞤃𞤢𞤤𞤣𞤭𞤾𞤭𞤴𞤢𞤲𞤳𞤮"
        ],
        "MWK": [
            "MWK",
            "𞤑𞤢𞤱𞤢𞤷𞤢 𞤃𞤢𞤤𞤢𞤱𞤭𞤲𞤳𞤮"
        ],
        "MXN": [
            "MX$",
            "𞤆𞤫𞤧𞤮 𞤃𞤫𞤳𞤧𞤭𞤴𞤢𞤲𞤳𞤮"
        ],
        "MYR": [
            "MYR",
            "𞤈𞤭𞤲𞤺𞤵𞤼𞤵 𞤃𞤢𞤤𞤫𞥅𞤧𞤭𞤴𞤢𞤲𞤳𞤮"
        ],
        "MZN": [
            "MZN",
            "𞤃𞤫𞤼𞤭𞤳𞤮𞤤 𞤃𞤮𞥁𞤢𞤥𞤦𞤭𞤲𞤳𞤮"
        ],
        "NAD": [
            "NAD",
            "𞤁𞤢𞤤𞤢 𞤐𞤢𞤥𞤭𞤥𞤦𞤭𞤲𞤳𞤮"
        ],
        "NGN": [
            "𞤐𞤐𞤘",
            "𞤐𞤢𞤴𞤪𞤢 𞤐𞤢𞤶𞤭𞤪𞤢𞤴𞤢𞤲𞤳𞤮"
        ],
        "NIO": [
            "NIO",
            "𞤑𞤮𞥅𞤪𞤣𞤮𞤦𞤢 𞤐𞤭𞤳𞤢𞤪𞤢𞤺𞤵𞤱𞤢𞤲𞤳𞤮"
        ],
        "NOK": [
            "NOK",
            "𞤑𞤪𞤮𞤲𞤫 𞤐𞤮𞤪𞤱𞤫𞤶𞤭𞤲𞤳𞤮"
        ],
        "NPR": [
            "NPR",
            "𞤈𞤵𞥅𞤨𞤭𞥅 𞤐𞤫𞤨𞤢𞤤𞤭𞤴𞤢𞤲𞤳𞤮"
        ],
        "NZD": [
            "NZ$",
            "𞤁𞤢𞤤𞤢 𞤐𞤫𞤱 𞤟𞤫𞤤𞤢𞤲𞤣"
        ],
        "OMR": [
            "OMR",
            "𞤈𞤭𞤴𞤢𞥄𞤤 𞤌𞤥𞤢𞤲𞤭𞤴𞤢𞤲𞤳𞤮"
        ],
        "PAB": [
            "PAB",
            "𞤄𞤢𞤤𞤦𞤮𞤱𞤢 𞤆𞤢𞤲𞤢𞤥𞤢𞤴𞤢𞤲𞤳𞤮"
        ],
        "PEN": [
            "PEN",
            "𞤅𞤮𞤤 𞤆𞤫𞤪𞤵𞤲𞤳𞤮"
        ],
        "PGK": [
            "𞤑𞤆𞤘",
            "𞤑𞤭𞤲𞤢 𞤆𞤢𞤨𞤵𞤱𞤢 𞤐𞤫𞤱-𞤘𞤭𞤲𞤫𞤲𞤳𞤮"
        ],
        "PHP": [
            "𞤆𞤆𞤖",
            "𞤆𞤭𞤧𞤮 𞤊𞤭𞤤𞤭𞤨𞥆𞤭𞤲𞤳𞤮"
        ],
        "PKR": [
            "PKR",
            "𞤈𞤵𞥅𞤨𞤭𞥅 𞤆𞤢𞤳𞤭𞤧𞤼𞤢𞤲𞤭𞤴𞤢𞤲𞤳𞤮"
        ],
        "PLN": [
            "PLN",
            "𞤔𞤢𞤤𞤮𞤼𞤵 𞤆𞤮𞤤𞤭𞥅𞤧𞤭𞤲𞤳𞤮"
        ],
        "PYG": [
            "PYG",
            "𞤘𞤵𞤱𞤢𞤪𞤢𞤲𞤭 𞤆𞤢𞥄𞤪𞤢𞤺𞤵𞤴𞤫𞤲𞤳𞤮"
        ],
        "QAR": [
            "QAR",
            "𞤈𞤭𞤴𞤢𞥄𞤤 𞤗𞤢𞤼𞤢𞤪𞤭𞤴𞤢𞤲𞤳𞤮"
        ],
        "RON": [
            "RON",
            "𞤂𞤫𞤱𞤵 𞤈𞤮𞤥𞤢𞤲𞤭𞤲𞤳𞤮"
        ],
        "RSD": [
            "RSD",
            "𞤁𞤭𞤲𞤢𞥄𞤪 𞤅𞤫𞤪𞤦𞤭𞤲𞤳𞤮"
        ],
        "RUB": [
            "RUB",
            "𞤈𞤵𞥅𞤦𞤮𞤤 𞤈𞤭𞥅𞤧𞤭𞤲𞤳𞤮"
        ],
        "RWF": [
            "RWF",
            "𞤊𞤢𞤪𞤢𞤲 𞤈𞤵𞤱𞤢𞤲𞤣𞤢𞤲𞤳𞤮"
        ],
        "SAR": [
            "SAR",
            "𞤈𞤭𞤴𞤢𞤤 𞤅𞤢𞤵𞥅𞤣𞤭𞤴𞤢𞤲𞤳𞤮"
        ],
        "SBD": [
            "SBD",
            "𞤁𞤢𞤤𞤢 𞤕𞤵𞤪𞤭𞥅𞤶𞤫 𞤅𞤵𞤤𞤢𞤴𞤥𞤢𞥄𞤲"
        ],
        "SCR": [
            "SCR",
            "𞤈𞤵𞤨𞤭𞥅 𞤅𞤫𞤴𞤧𞤭𞤤𞤭𞤲𞤳𞤮"
        ],
        "SDG": [
            "SDG",
            "𞤆𞤢𞤱𞤲𞤣𞤵 𞤅𞤵𞤣𞤢𞤲𞤳𞤮"
        ],
        "SEK": [
            "SEK",
            "𞤑𞤪𞤮𞤲𞤢 𞤅𞤵𞤱𞤫𞤣𞤭𞤲𞤳𞤮"
        ],
        "SGD": [
            "SGD",
            "𞤁𞤢𞤤𞤢 𞤅𞤭𞤲𞤺𞤢𞤨𞤮𞤪𞤫𞤲𞤳𞤮"
        ],
        "SHP": [
            "SHP",
            "𞤆𞤢𞤱𞤲𞤣𞤵 𞤅𞤫𞤲-𞤖𞤫𞤤𞤫𞤲𞤢"
        ],
        "SLL": [
            "SLL",
            "𞤂𞤫𞤴𞤮𞤲 𞤅𞤫𞤪𞤢𞤤𞤭𞤴𞤢𞤲𞤳𞤮"
        ],
        "SOS": [
            "SOS",
            "𞤅𞤭𞤤𞤭𞤲 𞤅𞤮𞤥𞤢𞤤𞤭𞤲𞤳𞤮"
        ],
        "SRD": [
            "SRD",
            "𞤁𞤢𞤤𞤢 𞤅𞤵𞤪𞤵𞤲𞤢𞤥𞤭𞤲𞤳𞤮"
        ],
        "SSP": [
            "SSP",
            "𞤆𞤢𞤱𞤲𞤣𞤵 𞤂𞤫𞤴𞤤𞤫𞤴𞤪𞤭 𞤅𞤵𞤣𞤢𞤲𞤭𞤲𞤳𞤮"
        ],
        "STN": [
            "STN",
            "𞤁𞤮𞤦𞤢𞤪𞤢 𞤅𞤢𞤱𞤮-𞤚𞤮𞤥𞤫 & 𞤆𞤫𞤪𞤫𞤲𞤧𞤭𞤨"
        ],
        "SYP": [
            "SYP",
            "𞤆𞤢𞤱𞤲𞥋𞤣𞤵 𞤅𞤭𞤪𞤢𞤴𞤢𞤲𞤳𞤮"
        ],
        "SZL": [
            "SZL",
            "𞤂𞤭𞤤𞤢𞤲𞤺𞤫𞤲𞤭 𞤅𞤵𞤱𞤢𞤶𞤭"
        ],
        "THB": [
            "THB",
            "𞤄𞤢𞤸𞤼𞤵 𞤚𞤢𞤴𞤤𞤢𞤲𞤣𞤭𞤲𞤳𞤮"
        ],
        "TJS": [
            "TJS",
            "𞤅𞤢𞤥𞤮𞥅𞤲𞤭 𞤚𞤢𞤶𞤭𞤳𞤭𞤧𞤼𞤢𞤲𞤳𞤮"
        ],
        "TMT": [
            "TMT",
            "𞤃𞤢𞤲𞤢𞤼𞤵 𞤚𞤵𞤪𞤳𞤵𞤥𞤫𞤲𞤭𞤧𞤼𞤢𞤲𞤳𞤮"
        ],
        "TND": [
            "TND",
            "𞤁𞤭𞤲𞤢𞥄𞤪 𞤚𞤵𞥅𞤲𞤭𞤧𞤭𞤲𞤳𞤮"
        ],
        "TOP": [
            "TOP",
            "𞤆𞤢𞤢𞤲𞤺𞤢 𞤚𞤮𞤲𞤺𞤢𞤲𞤳𞤮"
        ],
        "TRY": [
            "TRY",
            "𞤂𞤭𞤪𞤢 𞤚𞤵𞤪𞤳𞤭𞤴𞤢𞤲𞤳𞤮"
        ],
        "TTD": [
            "TTD",
            "𞤁𞤢𞤤𞤢 𞤚𞤭𞤪𞤲𞤭𞤣𞤢𞥄𞤣 & 𞤚𞤮𞤦𞤢𞤺𞤮"
        ],
        "TWD": [
            "NT$",
            "𞤁𞤢𞤤𞤢 𞤚𞤢𞤴𞤱𞤢𞥄𞤲𞤳𞤮"
        ],
        "TZS": [
            "TZS",
            "𞤅𞤭𞤤𞤭𞤲 𞤚𞤢𞤲𞥁𞤢𞤲𞤭𞤲𞤳𞤮"
        ],
        "UAH": [
            "UAH",
            "𞤖𞤵𞤪𞤢𞤾𞤫𞤲𞤭𞤴𞤢 𞤒𞤵𞤳𞤫𞤪𞤫𞥅𞤲𞤭𞤲𞤳𞤮"
        ],
        "UGX": [
            "UGX",
            "𞤅𞤭𞤤𞤭𞤲 𞤓𞤺𞤢𞤲𞤣𞤢𞤲𞤳𞤮"
        ],
        "USD": [
            "US$",
            "𞤁𞤢𞤤𞤢 𞤁𞤫𞤲𞤼𞤢𞤤 𞤂𞤢𞤪𞤫 𞤀𞤥𞤫𞤪𞤭𞤳"
        ],
        "UYU": [
            "UYU",
            "𞤆𞤫𞤧𞤮 𞤓𞤪𞤵𞤺𞤵𞤪𞤭𞤲𞤳𞤮"
        ],
        "UZS": [
            "UZS",
            "𞤅𞤮𞤥𞤵 𞤓𞥁𞤦𞤫𞤳𞤭𞤧𞤼𞤢𞤲𞤳𞤮"
        ],
        "VEF": [
            "VEF",
            "𞤄𞤮𞤤𞤭𞤾𞤢𞥄𞤪 𞤜𞤫𞤲𞤭𞥅𞤧𞤫𞤤𞤢𞤲𞤳𞤮 (𞥒𞥐𞥐𞥘 - 𞥒𞥐𞥑𞥘)"
        ],
        "VES": [
            "VES",
            "𞤄𞤮𞤤𞤭𞤾𞤢𞥄𞤪 𞤜𞤫𞤲𞤭𞥅𞤧𞤫𞤤𞤢𞤲𞤳𞤮"
        ],
        "VND": [
            "₫",
            "𞤁𞤮𞤲𞤺𞤵 𞤜𞤭𞤴𞤫𞤼𞤭𞤲𞤢𞤴𞤢𞤲𞤳𞤮"
        ],
        "VUV": [
            "VUV",
            "𞤜𞤢𞤼𞤵 𞤜𞤢𞤲𞤵𞤴𞤢𞤲𞤳𞤮"
        ],
        "WST": [
            "WST",
            "𞤚𞤢𞤤𞤢 𞤅𞤢𞤥𞤮𞤱𞤢𞤴𞤢𞤲𞤳𞤮"
        ],
        "XAF": [
            "𞤊𞤅𞤊𞤀",
            "𞤊𞤢𞤪𞤢𞤲 𞤚𞤵𞤦𞤮𞥅𞤪𞤭 𞤀𞤬𞤪𞤭𞤳𞤭𞤲𞤳𞤮"
        ],
        "XCD": [
            "EC$",
            "𞤁𞤢𞤤𞤢 𞤊𞤵𞤯𞤲𞤢𞥄𞤲𞥋𞤺𞤫 𞤑𞤢𞤪𞤭𞤦𞤭𞤴𞤢"
        ],
        "XOF": [
            "𞤅𞤊𞤀",
            "𞤊𞤢𞤪𞤢𞤲 𞤅𞤊𞤀 𞤖𞤭𞥅𞤪𞤲𞤢𞥄𞤲𞤺𞤫 𞤀𞤬𞤪𞤭𞤳𞤢"
        ],
        "XPF": [
            "CFPF",
            "𞤊𞤢𞤪𞤢𞤲 𞤅𞤊𞤆"
        ],
        "YER": [
            "YER",
            "𞤈𞤭𞤴𞤢𞥄𞤤 𞤒𞤫𞤥𞤫𞤲𞤭𞤲𞤳𞤮"
        ],
        "ZAR": [
            "ZAR",
            "𞤈𞤢𞤲𞤣𞤭 𞤂𞤫𞤴𞤤𞤫𞤴𞤪𞤭 𞤀𞤬𞤪𞤭𞤳𞤢𞤲𞤳𞤮"
        ],
        "ZMW": [
            "ZMW",
            "𞤑𞤢𞤱𞤢𞤧𞤢 𞤟𞤢𞤥𞤦𞤭𞤲𞤳𞤮"
        ]
    }
}
