{
    "Names": {
        "BRL": [
            "R$",
            "ब्राजीली रियाल"
        ],
        "CNY": [
            "CN¥",
            "चीनी युआन"
        ],
        "EUR": [
            "€",
            "फिरङ्गिन् मुद्रा"
        ],
        "GBP": [
            "£",
            "आङ्ग्लदेशीयः पाउंड"
        ],
        "INR": [
            "₹",
            "भारतीय रूप्यकम्"
        ],
        "JPY": [
            "JP¥",
            "जापानी येन"
        ],
        "RUB": [
            "RUB",
            "रष्यदेशीय रूबल"
        ],
        "USD": [
            "US$",
            "यूएस डॉलर"
        ]
    }
}
