{
    "Names": {
        "ADP": [
            "ADP",
            "Andorska pezeta"
        ],
        "AED": [
            "AED",
            "dirham UAE"
        ],
        "AFA": [
            "AFA",
            "Avganistanski avgani (1927–2002)"
        ],
        "AFN": [
            "AFN",
            "avganistanski avgani"
        ],
        "ALL": [
            "ALL",
            "albanski lek"
        ],
        "AMD": [
            "AMD",
            "jermenski dram"
        ],
        "ANG": [
            "ANG",
            "holandskoantilski gulden"
        ],
        "AOA": [
            "AOA",
            "angolska kvanza"
        ],
        "AOK": [
            "AOK",
            "Angolijska kvanza (1977–1990)"
        ],
        "AON": [
            "AON",
            "Angolijska nova kvanza (1990–2000)"
        ],
        "AOR": [
            "AOR",
            "Angolijska kvanza reađustado (1995–1999)"
        ],
        "ARA": [
            "ARA",
            "Argentinski austral"
        ],
        "ARP": [
            "ARP",
            "Argentinski pezo (1983–1985)"
        ],
        "ARS": [
            "ARS",
            "argentinski pezos"
        ],
        "ATS": [
            "ATS",
            "Austrijski šiling"
        ],
        "AUD": [
            "AUD",
            "australijski dolar"
        ],
        "AWG": [
            "AWG",
            "arubanski florin"
        ],
        "AZM": [
            "AZM",
            "Azerbejdžanski manat (1993–2006)"
        ],
        "AZN": [
            "AZN",
            "azerbejdžanski manat"
        ],
        "BAD": [
            "BAD",
            "Bosansko-Hercegovački dinar"
        ],
        "BAM": [
            "KM",
            "bosansko-hercegovačka konvertibilna marka"
        ],
        "BBD": [
            "BBD",
            "barbadoški dolar"
        ],
        "BDT": [
            "BDT",
            "bangladeška taka"
        ],
        "BEC": [
            "BEC",
            "Belgijski franak (konvertibilni)"
        ],
        "BEF": [
            "BEF",
            "Belgijski franak"
        ],
        "BEL": [
            "BEL",
            "Belgijski franak (finansijski)"
        ],
        "BGL": [
            "BGL",
            "Bugarski tvrdi lev"
        ],
        "BGN": [
            "BGN",
            "bugarski lev"
        ],
        "BHD": [
            "BHD",
            "bahreinski dinar"
        ],
        "BIF": [
            "BIF",
            "burundski franak"
        ],
        "BMD": [
            "BMD",
            "bermudski dolar"
        ],
        "BND": [
            "BND",
            "brunejski dolar"
        ],
        "BOB": [
            "BOB",
            "bolivijski bolivijano"
        ],
        "BOP": [
            "BOP",
            "Bolivijski pezo"
        ],
        "BOV": [
            "BOV",
            "Bolivijski mvdol"
        ],
        "BRB": [
            "BRB",
            "Brazilski novi kruzeiro (1967–1986)"
        ],
        "BRC": [
            "BRC",
            "Brazilijski kruzado"
        ],
        "BRE": [
            "BRE",
            "Brazilski kruzeiro (1990–1993)"
        ],
        "BRL": [
            "R$",
            "brazilski real"
        ],
        "BRN": [
            "BRN",
            "Brazilijski novi kruzado"
        ],
        "BRR": [
            "BRR",
            "Brazilski kruzeiro"
        ],
        "BSD": [
            "BSD",
            "bahamski dolar"
        ],
        "BTN": [
            "BTN",
            "butanski ngultrum"
        ],
        "BUK": [
            "BUK",
            "Burmanski kjat"
        ],
        "BWP": [
            "BWP",
            "bocvanska pula"
        ],
        "BYB": [
            "BYB",
            "Beloruska nova rublja (1994–1999)"
        ],
        "BYN": [
            "BYN",
            "beloruska rublja"
        ],
        "BYR": [
            "BYR",
            "Beloruska rublja (2000–2016)"
        ],
        "BZD": [
            "BZD",
            "beliski dolar"
        ],
        "CAD": [
            "CA$",
            "kanadski dolar"
        ],
        "CDF": [
            "CDF",
            "kongoanski franak"
        ],
        "CHE": [
            "CHE",
            "WIR evro"
        ],
        "CHF": [
            "CHF",
            "švajcarski franak"
        ],
        "CHW": [
            "CHW",
            "WIR franak"
        ],
        "CLF": [
            "CLF",
            "Čileovski unidades se fomento"
        ],
        "CLP": [
            "CLP",
            "čileanski pezos"
        ],
        "CNH": [
            "CNH",
            "kineski juan (ostrvski)"
        ],
        "CNY": [
            "CN¥",
            "kineski juan"
        ],
        "COP": [
            "COP",
            "kolumbijski pezos"
        ],
        "COU": [
            "COU",
            "Unidad de valorški real"
        ],
        "CRC": [
            "CRC",
            "kostarikanski kolon"
        ],
        "CSD": [
            "CSD",
            "Stari srpski dinar"
        ],
        "CSK": [
            "CSK",
            "Čehoslovačka tvrda kruna"
        ],
        "CUC": [
            "CUC",
            "kubanski konvertibilni pezos"
        ],
        "CUP": [
            "CUP",
            "kubanski pezos"
        ],
        "CVE": [
            "CVE",
            "zelenortski eskudo"
        ],
        "CYP": [
            "CYP",
            "Kiparska funta"
        ],
        "CZK": [
            "CZK",
            "češka kruna"
        ],
        "DDM": [
            "DDM",
            "Istočno-nemačka marka"
        ],
        "DEM": [
            "DEM",
            "Nemačka marka"
        ],
        "DJF": [
            "DJF",
            "džibutski franak"
        ],
        "DKK": [
            "DKK",
            "danska kruna"
        ],
        "DOP": [
            "DOP",
            "dominikanski pezos"
        ],
        "DZD": [
            "DZD",
            "alžirski dinar"
        ],
        "ECS": [
            "ECS",
            "Ekvadorski sakr"
        ],
        "ECV": [
            "ECV",
            "Ekvadorski unidad de valor konstante"
        ],
        "EEK": [
            "EEK",
            "Estonska kroon"
        ],
        "EGP": [
            "EGP",
            "egipatska funta"
        ],
        "ERN": [
            "ERN",
            "eritrejska nakfa"
        ],
        "ESA": [
            "ESA",
            "Španska pezeta (račun)"
        ],
        "ESB": [
            "ESB",
            "Španska pezeta (konvertibilniračun)"
        ],
        "ESP": [
            "ESP",
            "Španska pezeta"
        ],
        "ETB": [
            "ETB",
            "etiopijski bir"
        ],
        "EUR": [
            "€",
            "Evro"
        ],
        "FIM": [
            "FIM",
            "Finska marka"
        ],
        "FJD": [
            "FJD",
            "fidžijski dolar"
        ],
        "FKP": [
            "FKP",
            "folklandska funta"
        ],
        "FRF": [
            "FRF",
            "Francuski franak"
        ],
        "GBP": [
            "£",
            "britanska funta"
        ],
        "GEK": [
            "GEK",
            "Gruzijski kupon larit"
        ],
        "GEL": [
            "GEL",
            "gruzijski lari"
        ],
        "GHC": [
            "GHC",
            "Ganski cedi (1979–2007)"
        ],
        "GHS": [
            "GHS",
            "ganski sedi"
        ],
        "GIP": [
            "GIP",
            "gibraltarska funta"
        ],
        "GMD": [
            "GMD",
            "gambijski dalasi"
        ],
        "GNF": [
            "GNF",
            "gvinejski franak"
        ],
        "GNS": [
            "GNS",
            "Gvinejski sili"
        ],
        "GQE": [
            "GQE",
            "Ekvatorijalno-gvinejski ekvele"
        ],
        "GRD": [
            "GRD",
            "Grčka drahma"
        ],
        "GTQ": [
            "GTQ",
            "gvatemalski kecal"
        ],
        "GWE": [
            "GWE",
            "Portugalska gvineja eskudo"
        ],
        "GWP": [
            "GWP",
            "Gvineja Bisao Pezo"
        ],
        "GYD": [
            "GYD",
            "gvajanski dolar"
        ],
        "HKD": [
            "HK$",
            "hongkonški dolar"
        ],
        "HNL": [
            "HNL",
            "honduraška lempira"
        ],
        "HRD": [
            "HRD",
            "Hrvatski dinar"
        ],
        "HRK": [
            "HRK",
            "hrvatska kuna"
        ],
        "HTG": [
            "HTG",
            "haićanski gurd"
        ],
        "HUF": [
            "HUF",
            "mađarska forinta"
        ],
        "IDR": [
            "IDR",
            "indonežanska rupija"
        ],
        "IEP": [
            "IEP",
            "Irska funta"
        ],
        "ILP": [
            "ILP",
            "Izraelska funta"
        ],
        "ILR": [
            "ILR",
            "Stari izraelski šekeli"
        ],
        "ILS": [
            "₪",
            "izraelski novi šekel"
        ],
        "INR": [
            "₹",
            "indijska rupija"
        ],
        "IQD": [
            "IQD",
            "irački dinar"
        ],
        "IRR": [
            "IRR",
            "iranski rijal"
        ],
        "ISJ": [
            "ISJ",
            "Stara islandska kruna"
        ],
        "ISK": [
            "ISK",
            "islandska kruna"
        ],
        "ITL": [
            "ITL",
            "Italijanska lira"
        ],
        "JMD": [
            "JMD",
            "jamajčanski dolar"
        ],
        "JOD": [
            "JOD",
            "jordanski dinar"
        ],
        "JPY": [
            "¥",
            "japanski jen"
        ],
        "KES": [
            "KES",
            "kenijski šiling"
        ],
        "KGS": [
            "KGS",
            "kirgistanski som"
        ],
        "KHR": [
            "KHR",
            "kambodžanski rijel"
        ],
        "KMF": [
            "KMF",
            "komorski franak"
        ],
        "KPW": [
            "KPW",
            "severnokorejski von"
        ],
        "KRW": [
            "KRW",
            "južnokorejski von"
        ],
        "KWD": [
            "KWD",
            "kuvajtski dinar"
        ],
        "KYD": [
            "KYD",
            "kajmanski dolar"
        ],
        "KZT": [
            "KZT",
            "kazahstanski tenge"
        ],
        "LAK": [
            "LAK",
            "laoski kip"
        ],
        "LBP": [
            "LBP",
            "libanska funta"
        ],
        "LKR": [
            "LKR",
            "šrilančanska rupija"
        ],
        "LRD": [
            "LRD",
            "liberijski dolar"
        ],
        "LSL": [
            "LSL",
            "lesotski loti"
        ],
        "LTL": [
            "LTL",
            "Litvanski litas"
        ],
        "LTT": [
            "LTT",
            "Litvanski talonas"
        ],
        "LUC": [
            "LUC",
            "Luksemburški konvertibilni franak"
        ],
        "LUF": [
            "LUF",
            "Luksemburški franak"
        ],
        "LUL": [
            "LUL",
            "Luksemburški finansijski franak"
        ],
        "LVL": [
            "LVL",
            "Latvijski lati"
        ],
        "LVR": [
            "LVR",
            "Latvijska rublja"
        ],
        "LYD": [
            "LYD",
            "libijski dinar"
        ],
        "MAD": [
            "MAD",
            "marokanski dirham"
        ],
        "MAF": [
            "MAF",
            "Marokanski franak"
        ],
        "MDL": [
            "MDL",
            "moldavski lej"
        ],
        "MGA": [
            "MGA",
            "malgaški arijari"
        ],
        "MGF": [
            "MGF",
            "Malagasijski franak"
        ],
        "MKD": [
            "MKD",
            "makedonski denar"
        ],
        "MLF": [
            "MLF",
            "Malijanski franak"
        ],
        "MMK": [
            "MMK",
            "mjanmarski kjat"
        ],
        "MNT": [
            "MNT",
            "mongolski tugrik"
        ],
        "MOP": [
            "MOP",
            "makaoska pataka"
        ],
        "MRO": [
            "MRO",
            "Mauritanijska ogija (1973–2017)"
        ],
        "MRU": [
            "MRU",
            "mauritanska ogija"
        ],
        "MTL": [
            "MTL",
            "Malteška lira"
        ],
        "MTP": [
            "MTP",
            "Malteška funta"
        ],
        "MUR": [
            "MUR",
            "mauricijska rupija"
        ],
        "MVR": [
            "MVR",
            "maldivska rufija"
        ],
        "MWK": [
            "MWK",
            "malavijska kvača"
        ],
        "MXN": [
            "MX$",
            "meksički pezos"
        ],
        "MXP": [
            "MXP",
            "Meksički srebrni pezo (1861–1992)"
        ],
        "MXV": [
            "MXV",
            "Meksički unidad de inversion (UDI)"
        ],
        "MYR": [
            "MYR",
            "malezijski ringit"
        ],
        "MZE": [
            "MZE",
            "Mozambijski eskudo"
        ],
        "MZM": [
            "MZM",
            "Stari mozambijski metikal"
        ],
        "MZN": [
            "MZN",
            "mozambički metikal"
        ],
        "NAD": [
            "NAD",
            "namibijski dolar"
        ],
        "NGN": [
            "NGN",
            "nigerijska naira"
        ],
        "NIC": [
            "NIC",
            "nikaragvanska kordoba (1988–1991)"
        ],
        "NIO": [
            "NIO",
            "nikaragvanska kordoba"
        ],
        "NLG": [
            "NLG",
            "Holandski gulden"
        ],
        "NOK": [
            "NOK",
            "norveška kruna"
        ],
        "NPR": [
            "NPR",
            "nepalska rupija"
        ],
        "NZD": [
            "NZD",
            "novozelandski dolar"
        ],
        "OMR": [
            "OMR",
            "omanski rijal"
        ],
        "PAB": [
            "PAB",
            "panamska balboa"
        ],
        "PEI": [
            "PEI",
            "Peruanski inti"
        ],
        "PEN": [
            "PEN",
            "peruanski sol"
        ],
        "PES": [
            "PES",
            "Peruanski sol (1863–1965)"
        ],
        "PGK": [
            "PGK",
            "papuanska kina"
        ],
        "PHP": [
            "PHP",
            "filipinski pezos"
        ],
        "PKR": [
            "PKR",
            "pakistanska rupija"
        ],
        "PLN": [
            "PLN",
            "poljski zlot"
        ],
        "PLZ": [
            "PLZ",
            "Poljski zloti (1950–1995)"
        ],
        "PTE": [
            "PTE",
            "Portugalski eskudo"
        ],
        "PYG": [
            "PYG",
            "paragvajski gvarani"
        ],
        "QAR": [
            "QAR",
            "katarski rijal"
        ],
        "RHD": [
            "RHD",
            "Rodejskidolar"
        ],
        "ROL": [
            "ROL",
            "Rumunski lej (1952–2006)"
        ],
        "RON": [
            "RON",
            "rumunski lej"
        ],
        "RSD": [
            "RSD",
            "srpski dinar"
        ],
        "RUB": [
            "RUB",
            "ruska rublja"
        ],
        "RUR": [
            "RUR",
            "Ruska rublja (1991–1998)"
        ],
        "RWF": [
            "RWF",
            "ruandski franak"
        ],
        "SAR": [
            "SAR",
            "saudijski rijal"
        ],
        "SBD": [
            "SBD",
            "solomonski dolar"
        ],
        "SCR": [
            "SCR",
            "sejšelska rupija"
        ],
        "SDD": [
            "SDD",
            "Stari sudanski dinar"
        ],
        "SDG": [
            "SDG",
            "sudanska funta"
        ],
        "SDP": [
            "SDP",
            "Stara sudanska funta"
        ],
        "SEK": [
            "SEK",
            "švedska kruna"
        ],
        "SGD": [
            "SGD",
            "singapurski dolar"
        ],
        "SHP": [
            "SHP",
            "funta Svete Jelene"
        ],
        "SIT": [
            "SIT",
            "Slovenački tolar"
        ],
        "SKK": [
            "SKK",
            "Slovačka kruna"
        ],
        "SLL": [
            "SLL",
            "sijeraleonski leone"
        ],
        "SOS": [
            "SOS",
            "somalijski šiling"
        ],
        "SRD": [
            "SRD",
            "surinamski dolar"
        ],
        "SRG": [
            "SRG",
            "Surinamski gilder"
        ],
        "SSP": [
            "SSP",
            "južnosudanska funta"
        ],
        "STD": [
            "STD",
            "Saotomska dobra (1977–2017)"
        ],
        "STN": [
            "STN",
            "saotomska dobra"
        ],
        "SUR": [
            "SUR",
            "Sovjetska rublja"
        ],
        "SVC": [
            "SVC",
            "Salvadorski kolon"
        ],
        "SYP": [
            "SYP",
            "sirijska funta"
        ],
        "SZL": [
            "SZL",
            "svazilendski lilangeni"
        ],
        "THB": [
            "THB",
            "tajlandski bat"
        ],
        "TJR": [
            "TJR",
            "Tadžihistanska rublja"
        ],
        "TJS": [
            "TJS",
            "tadžikistanski somon"
        ],
        "TMM": [
            "TMM",
            "Turkmenistanski manat (1993–2009)"
        ],
        "TMT": [
            "TMT",
            "turkmenistanski manat"
        ],
        "TND": [
            "TND",
            "tuniski dinar"
        ],
        "TOP": [
            "TOP",
            "tonganska panga"
        ],
        "TPE": [
            "TPE",
            "Timorški eskudo"
        ],
        "TRL": [
            "TRL",
            "Turska lira (1922–2005)"
        ],
        "TRY": [
            "TRY",
            "turska lira"
        ],
        "TTD": [
            "TTD",
            "Trinidad-tobagoški dolar"
        ],
        "TWD": [
            "NT$",
            "novi tajvanski dolar"
        ],
        "TZS": [
            "TZS",
            "tanzanijski šiling"
        ],
        "UAH": [
            "UAH",
            "ukrajinska grivna"
        ],
        "UAK": [
            "UAK",
            "Ukrajinski karbovaneti"
        ],
        "UGS": [
            "UGS",
            "Ugandski šiling (1966–1987)"
        ],
        "UGX": [
            "UGX",
            "ugandski šiling"
        ],
        "USD": [
            "US$",
            "američki dolar"
        ],
        "USN": [
            "USN",
            "SAD dolar (sledeći dan)"
        ],
        "USS": [
            "USS",
            "SAD dolar (isti dan)"
        ],
        "UYI": [
            "UYI",
            "Urugvajski pezo en unidades indeksadas"
        ],
        "UYP": [
            "UYP",
            "Urugvajski pezo (1975–1993)"
        ],
        "UYU": [
            "UYU",
            "urugvajski pezos"
        ],
        "UZS": [
            "UZS",
            "uzbekistanski som"
        ],
        "VEB": [
            "VEB",
            "Venecuelanski bolivar (1871–2008)"
        ],
        "VEF": [
            "VEF",
            "Venecuelanski bolivar (2008–2018)"
        ],
        "VES": [
            "VES",
            "venecuelanski bolivar"
        ],
        "VND": [
            "VND",
            "vijetnamski dong"
        ],
        "VNN": [
            "VNN",
            "Vijetnamski dong (1978–1985)"
        ],
        "VUV": [
            "VUV",
            "vanuatski vatu"
        ],
        "WST": [
            "WST",
            "samoanska tala"
        ],
        "XAF": [
            "FCFA",
            "centralnoafrički franak"
        ],
        "XCD": [
            "EC$",
            "istočnokaripski dolar"
        ],
        "XEU": [
            "XEU",
            "Evropska valutna jedinica"
        ],
        "XFO": [
            "XFO",
            "Francuski zlatni franak"
        ],
        "XFU": [
            "XFU",
            "Francuski UIC-franak"
        ],
        "XOF": [
            "F CFA",
            "zapadnoafrički franak"
        ],
        "XPF": [
            "CFPF",
            "CFP franak"
        ],
        "XRE": [
            "XRE",
            "RINET fond"
        ],
        "YDD": [
            "YDD",
            "Jemenski dinar"
        ],
        "YER": [
            "YER",
            "jemenski rijal"
        ],
        "YUD": [
            "YUD",
            "Jugoslovenski tvrdi dinar"
        ],
        "YUM": [
            "YUM",
            "Jugoslovenski novi dinar"
        ],
        "YUN": [
            "YUN",
            "Jugoslovenski konvertibilni dinar"
        ],
        "ZAL": [
            "ZAL",
            "Južno-afrički rand (finansijski)"
        ],
        "ZAR": [
            "ZAR",
            "južnoafrički rand"
        ],
        "ZMK": [
            "ZMK",
            "Zambijska kvača (1968–2012)"
        ],
        "ZMW": [
            "ZMW",
            "zambijska kvača"
        ],
        "ZRN": [
            "ZRN",
            "Zairski novi zair"
        ],
        "ZRZ": [
            "ZRZ",
            "Zairski zair"
        ],
        "ZWD": [
            "ZWD",
            "Zimbabveanski dolar (1980–2008)"
        ],
        "ZWL": [
            "ZWL",
            "Zimbabveanski dolar (2009)"
        ],
        "ZWR": [
            "ZWR",
            "Zimbabveanski dolar (2008)"
        ]
    }
}
